이미지URL,상품명,가격,행사유형,행사분류,증정상품이미지URL
https://msave.emart24.co.kr/cmsbo/upload/nHq/plu_image/500x500/8801045030098.JPG,오뚜기)청주식돼지김치짜글이450G,8500,2+1,,
https://msave.emart24.co.kr/cmsbo/upload/nHq/plu_image/500x500/8801045290102.JPG,오뚜기)옛날사골곰탕500g,3000,1+1,,
https://msave.emart24.co.kr/cmsbo/upload/nHq/plu_image/500x500/8801045290829.JPG,오뚜기)종로식도가니탕500G,10900,1+1,,
https://msave.emart24.co.kr/cmsbo/upload/nHq/plu_image/500x500/8801045415888.JPG,오뚜기)프레스코양송이크림스프180g,3800,1+1,,
https://msave.emart24.co.kr/cmsbo/upload/nHq/plu_image/500x500/8801045533346.JPG,오뚜기)양평식선지해장국500g,8500,2+1,,
https://msave.emart24.co.kr/cmsbo/upload/nHq/plu_image/500x500/8801045600444.JPG,오뚜기)대구식쇠고기육개장500G,8500,2+1,,
https://msave.emart24.co.kr/cmsbo/upload/nHq/plu_image/500x500/8801045634630.JPG,오뚜기)마포식차돌된장찌개500G,8500,2+1,,
https://msave.emart24.co.kr/cmsbo/upload/nHq/plu_image/500x500/8801045725529.JPG,오뚜기)컵밥오뚜기카레320g,5400,1+1,,
https://msave.emart24.co.kr/cmsbo/upload/nHq/plu_image/500x500/8801045759296.JPG,오뚜기)프레스코베이컨감자스프180g,3800,1+1,,
https://msave.emart24.co.kr/cmsbo/upload/nHq/plu_image/500x500/8801045835211.JPG,오뚜기)컵밥치킨마요덮밥,5400,1+1,,
https://msave.emart24.co.kr/cmsbo/upload/nHq/plu_image/500x500/8801045875538.JPG,오뚜기)컵밥참기름김치볶음밥259g,5400,1+1,,
https://msave.emart24.co.kr/cmsbo/upload/nHq/plu_image/500x500/8801045892344.JPG,오뚜기)컵밥김치알밥,5400,1+1,,
https://msave.emart24.co.kr/cmsbo/upload/nHq/plu_image/500x500/8801045892351.JPG,오뚜기)컵밥차돌강된장보리밥,5400,1+1,,
https://msave.emart24.co.kr/cmsbo/upload/nHq/plu_image/500x500/8801045892641.JPG,오뚜기)컵밥참치마요덮밥,5400,1+1,,
https://msave.emart24.co.kr/cmsbo/upload/nHq/plu_image/500x500/8802259020615.JPG,롯데)이너프쉐이크밀홀그레인50g,2900,2+1,,
https://msave.emart24.co.kr/cmsbo/upload/nHq/plu_image/500x500/8802259020622.JPG,롯데)이너프쉐이크밀고구마50g,2900,2+1,,
https://msave.emart24.co.kr/cmsbo/upload/nHq/plu_image/500x500/8802259021537.JPG,롯데)이너프쉐이크밀단백질50g,3200,2+1,,
https://msave.emart24.co.kr/cmsbo/upload/nHq/plu_image/500x500/8809962584243.JPG,상상_3600비빔밥,3600,덤증정,,https://emart24.co.kr/image/MjI1MTMz
https://msave.emart24.co.kr/cmsbo/upload/nHq/plu_image/500x500/8809962584663.JPG,상상_2900덮밥(햄콘마요),2900,덤증정,,https://emart24.co.kr/image/MjI1MTM0
https://msave.emart24.co.kr/cmsbo/upload/nHq/plu_image/500x500/8809962585080.JPG,리챔데리참치김밥,3500,덤증정,,https://emart24.co.kr/image/MjI1MTMy
https://msave.emart24.co.kr/cmsbo/upload/nHq/plu_image/500x500/8801045089928.JPG,오뚜기)컵밥마라탕밥302g,4800,1+1,,
https://msave.emart24.co.kr/cmsbo/upload/nHq/plu_image/500x500/8801045303000.JPG,오뚜기)전복죽285g,4500,1+1,,
https://msave.emart24.co.kr/cmsbo/upload/nHq/plu_image/500x500/8801045512518.JPG,오뚜기)컵누들마라탕소컵,1800,2+1,,
https://msave.emart24.co.kr/cmsbo/upload/nHq/plu_image/500x500/8801045520117.JPG,오뚜기)진라면순한맛봉지,1000,,,
https://msave.emart24.co.kr/cmsbo/upload/nHq/plu_image/500x500/8801045520124.JPG,오뚜기)진라면매운맛봉지,1000,,,
https://msave.emart24.co.kr/cmsbo/upload/nHq/plu_image/500x500/8801045522234.JPG,오뚜기)진라면순한맛봉지*5입,5000,,,
https://msave.emart24.co.kr/cmsbo/upload/nHq/plu_image/500x500/8801045522265.JPG,오뚜기)진라면매운맛봉지*5입,5000,,,
https://msave.emart24.co.kr/cmsbo/upload/nHq/plu_image/500x500/8801045526294.JPG,오뚜기)진비빔면봉지,1250,2+1,,
https://msave.emart24.co.kr/cmsbo/upload/nHq/plu_image/500x500/8801045526317.JPG,오뚜기)진비빔면봉지*4입,5000,2+1,,
https://msave.emart24.co.kr/cmsbo/upload/nHq/plu_image/500x500/8801045551890.JPG,오뚜기)열라면소컵,1100,,,
https://msave.emart24.co.kr/cmsbo/upload/nHq/plu_image/500x500/8801045570068.JPG,오뚜기)진라면순한맛소컵,1100,,,
https://msave.emart24.co.kr/cmsbo/upload/nHq/plu_image/500x500/8801045570082.JPG,오뚜기)진라면매운맛소컵,1100,,,
https://msave.emart24.co.kr/cmsbo/upload/nHq/plu_image/500x500/8801045571867.JPG,오뚜기)컵누들우동맛소컵,1800,2+1,,
https://msave.emart24.co.kr/cmsbo/upload/nHq/plu_image/500x500/8801045572666.JPG,오뚜기)스낵면소컵,1100,,,
https://msave.emart24.co.kr/cmsbo/upload/nHq/plu_image/500x500/8801045574097.JPG,오뚜기)컵누들베트남쌀국수맛소컵,1800,2+1,,
https://msave.emart24.co.kr/cmsbo/upload/nHq/plu_image/500x500/8801045574578.JPG,오뚜기)진짬뽕소컵,1700,2+1,,
https://msave.emart24.co.kr/cmsbo/upload/nHq/plu_image/500x500/8801045702643.JPG,오뚜기)육개장소컵,1100,2+1,,
https://msave.emart24.co.kr/cmsbo/upload/nHq/plu_image/500x500/8801045890289.JPG,오뚜기)컵밥진한쇠고기미역국밥,4800,1+1,,
https://msave.emart24.co.kr/cmsbo/upload/nHq/plu_image/500x500/8801045890418.JPG,오뚜기)맛있는밥210g,2000,2+1,,
https://msave.emart24.co.kr/cmsbo/upload/nHq/plu_image/500x500/8801045890432.JPG,오뚜기)맛있는큰밥300g,2800,2+1,,
https://msave.emart24.co.kr/cmsbo/upload/nHq/plu_image/500x500/8801045890463.JPG,오뚜기)맛있는발아흑미밥210g,2700,1+1,,
https://msave.emart24.co.kr/cmsbo/upload/nHq/plu_image/500x500/8801045890500.JPG,오뚜기)맛있는오곡밥210g,2700,1+1,,
https://msave.emart24.co.kr/cmsbo/upload/nHq/plu_image/500x500/8801045890692.JPG,오뚜기)맛있는작은밥150g,1700,2+1,,
https://msave.emart24.co.kr/cmsbo/upload/nHq/plu_image/500x500/8801045892207.JPG,오뚜기)컵밥김치참치덮밥,5400,1+1,,
https://msave.emart24.co.kr/cmsbo/upload/nHq/plu_image/500x500/8801045897585.JPG,오뚜기)컵밥얼큰순후추돼지국밥,4800,1+1,,
https://msave.emart24.co.kr/cmsbo/upload/nHq/plu_image/500x500/8801007029641.JPG,CJ)스팸라이트340g,8900,2+1,,
https://msave.emart24.co.kr/cmsbo/upload/nHq/plu_image/500x500/8801007029658.JPG,CJ)스팸라이트200g,6900,2+1,,
https://msave.emart24.co.kr/cmsbo/upload/nHq/plu_image/500x500/8801007117515.JPG,CJ)스팸싱글클래식80g,3900,1+1,,
https://msave.emart24.co.kr/cmsbo/upload/nHq/plu_image/500x500/8801007348810.JPG,CJ)스팸싱글라이트80g,3900,1+1,,
https://msave.emart24.co.kr/cmsbo/upload/nHq/plu_image/500x500/8801007512235.JPG,CJ)스팸클래식340g,8900,2+1,,
https://msave.emart24.co.kr/cmsbo/upload/nHq/plu_image/500x500/8801007512259.JPG,CJ)스팸클래식200g,6900,2+1,,
https://msave.emart24.co.kr/cmsbo/upload/nHq/plu_image/500x500/8801007795409.JPG,밸런스밀프로틴쉐이크바나나50g,3600,2+1,,
https://msave.emart24.co.kr/cmsbo/upload/nHq/plu_image/500x500/8801007795461.JPG,CJ)밸런스밀프로틴쉐이크견과50g,3600,2+1,,
https://msave.emart24.co.kr/cmsbo/upload/nHq/plu_image/500x500/8801007989402.JPG,CJ)밸런스밀프로틴쉐이크카카오50g,3600,2+1,,
https://msave.emart24.co.kr/cmsbo/upload/nHq/plu_image/500x500/8801045022475.JPG,오뚜기)보들보들치즈볶음면매운맛,2000,2+1,,
https://msave.emart24.co.kr/cmsbo/upload/nHq/plu_image/500x500/8801045067896.JPG,오뚜기)컵누들로제맛소컵,1800,2+1,,
https://msave.emart24.co.kr/cmsbo/upload/nHq/plu_image/500x500/8801045315072.JPG,오뚜기)컵누들짬뽕맛소컵,1800,2+1,,
https://msave.emart24.co.kr/cmsbo/upload/nHq/plu_image/500x500/8801045362038.JPG,오뚜기)열치즈라면큰컵,2000,2+1,,
https://msave.emart24.co.kr/cmsbo/upload/nHq/plu_image/500x500/8801045431314.JPG,오뚜기)진비빔면(큰컵),1800,2+1,,
https://msave.emart24.co.kr/cmsbo/upload/nHq/plu_image/500x500/8801045555041.JPG,오뚜기)열튀김우동큰컵,2000,2+1,,
https://msave.emart24.co.kr/cmsbo/upload/nHq/plu_image/500x500/8801045571362.JPG,오뚜기)진라면순한맛큰컵,1400,2+1,,
https://msave.emart24.co.kr/cmsbo/upload/nHq/plu_image/500x500/8801045571577.JPG,오뚜기)컵누들매콤한맛소컵,1800,2+1,,
https://msave.emart24.co.kr/cmsbo/upload/nHq/plu_image/500x500/8801045571638.JPG,오뚜기)진라면매운맛큰컵,1400,2+1,,
https://msave.emart24.co.kr/cmsbo/upload/nHq/plu_image/500x500/8801045573090.JPG,오뚜기)스낵면큰컵,1800,2+1,,
https://msave.emart24.co.kr/cmsbo/upload/nHq/plu_image/500x500/8801045684192.JPG,오뚜기)컵누들참깨라면맛소컵,1800,2+1,,
https://msave.emart24.co.kr/cmsbo/upload/nHq/plu_image/500x500/8801045688114.JPG,오뚜기)컵누들매콤찜닭소컵,1800,2+1,,
https://msave.emart24.co.kr/cmsbo/upload/nHq/plu_image/500x500/8801045720760.JPG,오뚜기)열려라참깨라면큰컵,2000,2+1,,
https://msave.emart24.co.kr/cmsbo/upload/nHq/plu_image/500x500/8801392002168.JPG,CJ)스팸닭가슴살200g,6900,2+1,,
https://msave.emart24.co.kr/cmsbo/upload/nHq/plu_image/500x500/8801392090172.JPG,CJ)스팸싱글닭가슴살80g,4000,1+1,,
https://msave.emart24.co.kr/cmsbo/upload/nHq/plu_image/500x500/8801007373218.JPG,CJ)비비고한식간장김자반20g,3200,1+1,,
https://msave.emart24.co.kr/cmsbo/upload/nHq/plu_image/500x500/8801007526492.JPG,CJ)비비고사골곰탕500g,2200,2+1,,
https://msave.emart24.co.kr/cmsbo/upload/nHq/plu_image/500x500/8801007528557.JPG,CJ)비비고두부듬뿍김치찌개460g,9900,1+1,,
https://msave.emart24.co.kr/cmsbo/upload/nHq/plu_image/500x500/8801007528595.JPG,CJ)비비고두부듬뿍된장찌개460g,9900,1+1,,
https://msave.emart24.co.kr/cmsbo/upload/nHq/plu_image/500x500/8801007528618.JPG,CJ)비비고스팸부대찌개460G,7900,2+1,,
https://msave.emart24.co.kr/cmsbo/upload/nHq/plu_image/500x500/8801007535319.JPG,CJ)비비고직화참기름김1봉,900,1+1,,
https://msave.emart24.co.kr/cmsbo/upload/nHq/plu_image/500x500/8801007561677.JPG,CJ)비비고미역국500g,5900,2+1,,
https://msave.emart24.co.kr/cmsbo/upload/nHq/plu_image/500x500/8801007625058.JPG,CJ)비비고직화참기름김12봉,10800,1+1,,
https://msave.emart24.co.kr/cmsbo/upload/nHq/plu_image/500x500/8801007628851.JPG,CJ)비비고소고기장터국500g,5900,2+1,,
https://msave.emart24.co.kr/cmsbo/upload/nHq/plu_image/500x500/8801007712079.JPG,CJ)비비고갈비탕400G,7900,2+1,,
https://msave.emart24.co.kr/cmsbo/upload/nHq/plu_image/500x500/8801007737089.JPG,CJ)비비고차돌된장찌개460G,7900,2+1,,
https://msave.emart24.co.kr/cmsbo/upload/nHq/plu_image/500x500/8801007761749.JPG,CJ)비비고돼지고기김치찌개460G,7900,2+1,,
https://msave.emart24.co.kr/cmsbo/upload/nHq/plu_image/500x500/8801007792736.JPG,CJ)비비고시래기감자탕460g,7900,2+1,,
https://msave.emart24.co.kr/cmsbo/upload/nHq/plu_image/500x500/8801007795386.JPG,CJ)밸런스밀프로틴쉐이크귀리50g,3600,2+1,,
https://msave.emart24.co.kr/cmsbo/upload/nHq/plu_image/500x500/8801007795447.JPG,CJ)밸런스밀프로틴쉐이크고구마50g,3600,2+1,,
https://msave.emart24.co.kr/cmsbo/upload/nHq/plu_image/500x500/8801007849805.JPG,CJ)비비고한우사골곰탕500g,3200,1+1,,
https://msave.emart24.co.kr/cmsbo/upload/nHq/plu_image/500x500/8801392032950.JPG,CJ)비비고소고기듬뿍설렁탕460g,9900,1+1,,
https://msave.emart24.co.kr/cmsbo/upload/nHq/plu_image/500x500/8801392032974.JPG,CJ)비비고소고기듬뿍육개장460g,9900,1+1,,
https://msave.emart24.co.kr/cmsbo/upload/nHq/plu_image/500x500/8801392032998.JPG,CJ)비비고소고기듬뿍미역국460g,9900,1+1,,
https://msave.emart24.co.kr/cmsbo/upload/nHq/plu_image/500x500/8801392047503.JPG,CJ)코코넛게살푸팟퐁커리170g,4900,1+1,,
https://msave.emart24.co.kr/cmsbo/upload/nHq/plu_image/500x500/8801392114038.JPG,CJ)햇반전복죽267g,5500,2+1,,
https://msave.emart24.co.kr/cmsbo/upload/nHq/plu_image/500x500/8801392114151.JPG,CJ)햇반버섯야채죽268g,5500,2+1,,
https://msave.emart24.co.kr/cmsbo/upload/nHq/plu_image/500x500/8801392114434.JPG,CJ)햇반통단팥죽267g,5500,2+1,,
https://msave.emart24.co.kr/cmsbo/upload/nHq/plu_image/500x500/8801392114458.JPG,CJ)햇반단호박죽267g,5500,2+1,,
https://msave.emart24.co.kr/cmsbo/upload/nHq/plu_image/500x500/8801392114472.JPG,CJ)햇반전복내장죽267g,5500,2+1,,
https://msave.emart24.co.kr/cmsbo/upload/nHq/plu_image/500x500/8801392114496.JPG,CJ)햇반소고기죽268g,5500,2+1,,
https://msave.emart24.co.kr/cmsbo/upload/nHq/plu_image/500x500/8801392114519.JPG,CJ)햇반누룽지닭백숙죽267g,5500,2+1,,
https://msave.emart24.co.kr/cmsbo/upload/nHq/plu_image/500x500/8801392114779.JPG,CJ)비비고소고기듬뿍무국500g,9900,1+1,,
https://msave.emart24.co.kr/cmsbo/upload/nHq/plu_image/500x500/8801007403168.JPG,CJ)햇반순두부찌개국밥,4800,2+1,,
https://msave.emart24.co.kr/cmsbo/upload/nHq/plu_image/500x500/8801007403182.JPG,CJ)햇반사골곰탕국밥,4800,2+1,,
https://msave.emart24.co.kr/cmsbo/upload/nHq/plu_image/500x500/8801007403205.JPG,CJ)햇반황태국밥,4800,2+1,,
https://msave.emart24.co.kr/cmsbo/upload/nHq/plu_image/500x500/8801007403267.JPG,CJ)햇반미역국밥,4800,2+1,,
https://msave.emart24.co.kr/cmsbo/upload/nHq/plu_image/500x500/8801007423180.JPG,CJ)햇반강된장보리비빔밥,4800,2+1,,
https://msave.emart24.co.kr/cmsbo/upload/nHq/plu_image/500x500/8801007446998.JPG,CJ)햇반직화짜장덮밥,4800,2+1,,
https://msave.emart24.co.kr/cmsbo/upload/nHq/plu_image/500x500/8801007526515.JPG,CJ)비비고육개장500g,5900,2+1,,
https://msave.emart24.co.kr/cmsbo/upload/nHq/plu_image/500x500/8801007566412.JPG,CJ)햇반중화마파덮밥,4800,2+1,,
https://msave.emart24.co.kr/cmsbo/upload/nHq/plu_image/500x500/8801007608112.JPG,CJ)햇반직화불고기덮밥,4800,2+1,,
https://msave.emart24.co.kr/cmsbo/upload/nHq/plu_image/500x500/8801007611679.JPG,CJ)햇반철판제육덮밥,4800,2+1,,
https://msave.emart24.co.kr/cmsbo/upload/nHq/plu_image/500x500/8801007638225.JPG,CJ)햇반철판김치덮밥,4800,2+1,,
https://msave.emart24.co.kr/cmsbo/upload/nHq/plu_image/500x500/8801007732442.JPG,CJ)햇반스팸마요덮밥,4800,2+1,,
https://msave.emart24.co.kr/cmsbo/upload/nHq/plu_image/500x500/8801007732466.JPG,CJ)햇반버터장조림비빔밥,4800,2+1,,
https://msave.emart24.co.kr/cmsbo/upload/nHq/plu_image/500x500/8801007778280.JPG,CJ)햇반치킨마요덮밥,4800,2+1,,
https://msave.emart24.co.kr/cmsbo/upload/nHq/plu_image/500x500/8801007820392.JPG,CJ)햇반김치날치알밥컵밥,4800,2+1,,
https://msave.emart24.co.kr/cmsbo/upload/nHq/plu_image/500x500/8801007820415.JPG,CJ)햇반불닭마요덮밥,4800,2+1,,
https://msave.emart24.co.kr/cmsbo/upload/nHq/plu_image/500x500/8801007833620.JPG,CJ)햇반참치마요덮밥,4800,2+1,,
https://msave.emart24.co.kr/cmsbo/upload/nHq/plu_image/500x500/8801007867045.JPG,CJ)햇반스팸김치덮밥,4800,2+1,,
https://msave.emart24.co.kr/cmsbo/upload/nHq/plu_image/500x500/8801392089022.JPG,CJ)부먹밥미역국밥,3500,,,
https://msave.emart24.co.kr/cmsbo/upload/nHq/plu_image/500x500/8801392089046.JPG,CJ)부먹밥사골곰탕밥,3500,,,
https://msave.emart24.co.kr/cmsbo/upload/nHq/plu_image/500x500/8801392089060.JPG,CJ)부먹밥짬뽕밥,3500,,,
https://msave.emart24.co.kr/cmsbo/upload/nHq/plu_image/500x500/8801392089541.JPG,CJ)비비고치즈떡볶이108G,3900,,,
https://msave.emart24.co.kr/cmsbo/upload/nHq/plu_image/500x500/8801392089626.JPG,CJ)비비고매운떡볶이110G,3900,,,
https://msave.emart24.co.kr/cmsbo/upload/nHq/plu_image/500x500/8801392090455.JPG,CJ)비비고오리지널떡볶이110G,3900,,,
https://msave.emart24.co.kr/cmsbo/upload/nHq/plu_image/500x500/8801007010410.JPG,CJ)햇반발아현미밥210g(36),2900,2+1,,
https://msave.emart24.co.kr/cmsbo/upload/nHq/plu_image/500x500/8801007038773.JPG,CJ)햇반오곡밥210g,2900,2+1,,
https://msave.emart24.co.kr/cmsbo/upload/nHq/plu_image/500x500/8801007038780.JPG,CJ)햇반흑미밥210g(36),2900,2+1,,
https://msave.emart24.co.kr/cmsbo/upload/nHq/plu_image/500x500/8801007281223.JPG,CJ)햇반발아현미밥130g*3입,5950,2+1,,
https://msave.emart24.co.kr/cmsbo/upload/nHq/plu_image/500x500/8801007281247.JPG,CJ)햇반흑미밥130g*3입,5950,2+1,,
https://msave.emart24.co.kr/cmsbo/upload/nHq/plu_image/500x500/8801007684543.JPG,CJ)햇반매일잡곡밥210g(36),2900,2+1,,
https://msave.emart24.co.kr/cmsbo/upload/nHq/plu_image/500x500/8801007684567.JPG,CJ)햇반매일잡곡밥210g*3입,7200,2+1,,
https://msave.emart24.co.kr/cmsbo/upload/nHq/plu_image/500x500/8801007818955.JPG,CJ)햇반매일찰잡곡밥210g(36),2900,2+1,,
https://msave.emart24.co.kr/cmsbo/upload/nHq/plu_image/500x500/8801007819570.JPG,CJ)햇반매일찰잡곡밥210g*3입,7200,2+1,,
https://msave.emart24.co.kr/cmsbo/upload/nHq/plu_image/500x500/8801007860459.JPG,CJ)햇반현미쌀밥210g(36),2900,2+1,,
https://msave.emart24.co.kr/cmsbo/upload/nHq/plu_image/500x500/8801007894812.JPG,CJ)햇반빅스팸마요덮밥,5400,2+1,,
https://msave.emart24.co.kr/cmsbo/upload/nHq/plu_image/500x500/8801007894850.JPG,CJ)햇반빅치킨마요덮밥,5400,2+1,,
https://msave.emart24.co.kr/cmsbo/upload/nHq/plu_image/500x500/8801007921235.JPG,CJ)햇반빅치즈닭갈비덮밥,5400,2+1,,
https://msave.emart24.co.kr/cmsbo/upload/nHq/plu_image/500x500/8801392003837.JPG,CJ)햇반현미귀리곤약밥150g,3900,2+1,,
https://msave.emart24.co.kr/cmsbo/upload/nHq/plu_image/500x500/8801392003905.JPG,CJ)햇반귀리흑미곤약밥150g,3900,2+1,,
https://msave.emart24.co.kr/cmsbo/upload/nHq/plu_image/500x500/8801392023200.JPG,CJ)햇반100%현미밥130g,2600,1+1,,
https://msave.emart24.co.kr/cmsbo/upload/nHq/plu_image/500x500/8801392076251.JPG,CJ)햇반서리태흑미밥210g,2900,2+1,,
https://msave.emart24.co.kr/cmsbo/upload/nHq/plu_image/500x500/8801392094996.JPG,CJ)햇반솥반강화섬쌀밥200g*4,6900,,,
https://msave.emart24.co.kr/cmsbo/upload/nHq/plu_image/500x500/8801392096495.JPG,CJ)햇반찹쌀누룽지죽205G,2600,1+1,,
https://msave.emart24.co.kr/cmsbo/upload/nHq/plu_image/500x500/8801392101724.JPG,CJ)햇반100%통곡물밥130g,2600,1+1,,
https://msave.emart24.co.kr/cmsbo/upload/nHq/plu_image/500x500/8801392111518.JPG,CJ)햇반흑미누룽지죽205g,2600,1+1,,
https://msave.emart24.co.kr/cmsbo/upload/nHq/plu_image/500x500/8801392112713.JPG,CJ)햇반12곡밥210g,2900,2+1,,
https://msave.emart24.co.kr/cmsbo/upload/nHq/plu_image/500x500/8801392119378.JPG,CJ)햇반컵반고추잡채덮밥,5400,2+1,,
https://msave.emart24.co.kr/cmsbo/upload/nHq/plu_image/500x500/8801392119392.JPG,CJ)햇반컵반차돌된장찌개밥,5400,2+1,,
https://msave.emart24.co.kr/cmsbo/upload/nHq/plu_image/500x500/8801392121197.JPG,CJ)햇반컵반돼지고기김치찌개밥,5400,2+1,,
https://msave.emart24.co.kr/cmsbo/upload/nHq/plu_image/500x500/8801007002989.JPG,CJ)햇반작은공기130g,1700,2+1,,
https://msave.emart24.co.kr/cmsbo/upload/nHq/plu_image/500x500/8801007054186.JPG,CJ)큰햇반300g(30),2900,2+1,,
https://msave.emart24.co.kr/cmsbo/upload/nHq/plu_image/500x500/8801007310572.JPG,CJ)햇반210g(48),2100,2+1,,
https://msave.emart24.co.kr/cmsbo/upload/nHq/plu_image/500x500/8801007915340.JPG,CJ)햇반흑미밥130g,2100,2+1,,
https://msave.emart24.co.kr/cmsbo/upload/nHq/plu_image/500x500/8801007915364.JPG,CJ)햇반발아현미밥130g,2100,2+1,,
https://msave.emart24.co.kr/cmsbo/upload/nHq/plu_image/500x500/8801085883210.JPG,한일)본고장매운김치우동(큰컵),3700,2+1,,
https://msave.emart24.co.kr/cmsbo/upload/nHq/plu_image/500x500/8801392095580.JPG,CJ)환경을생각한햇반210G,1600,,,
https://msave.emart24.co.kr/cmsbo/upload/nHq/plu_image/500x500/8809778492541.JPG,하림)더미식비빔면봉지,1700,2+1,,
https://msave.emart24.co.kr/cmsbo/upload/nHq/plu_image/500x500/8809778492558.JPG,하림)더미식비빔면4입,6800,2+1,,
https://msave.emart24.co.kr/cmsbo/upload/nHq/plu_image/500x500/8809778493005.JPG,하림)더미식메밀비빔면봉지,1800,2+1,,
https://msave.emart24.co.kr/cmsbo/upload/nHq/plu_image/500x500/8809778493012.JPG,하림)더미식메밀비빔면4입,7200,2+1,,
https://msave.emart24.co.kr/cmsbo/upload/nHq/plu_image/500x500/8809778493173.JPG,하림)더미식보리쌀밥180g,2800,2+1,,
https://msave.emart24.co.kr/cmsbo/upload/nHq/plu_image/500x500/8809778493449.JPG,하림)더미식시래기된장국350g,4500,2+1,,
https://msave.emart24.co.kr/cmsbo/upload/nHq/plu_image/500x500/8809778493494.JPG,하림)더미식백미밥180g,1900,2+1,,
https://msave.emart24.co.kr/cmsbo/upload/nHq/plu_image/500x500/8809778493708.JPG,하림)푸디버디짜장면(큰컵),2800,2+1,,
https://msave.emart24.co.kr/cmsbo/upload/nHq/plu_image/500x500/8809778493937.JPG,하림)푸디버디소고기미역국180g,4400,2+1,,
https://msave.emart24.co.kr/cmsbo/upload/nHq/plu_image/500x500/8809778493951.JPG,하림)푸디버디소고기뭇국180g,4400,2+1,,
https://msave.emart24.co.kr/cmsbo/upload/nHq/plu_image/500x500/8809778494606.JPG,하림)더미식황태콩나물국350g,4500,2+1,,
https://msave.emart24.co.kr/cmsbo/upload/nHq/plu_image/500x500/8809778495108.JPG,하림)더미식소고기뭇국350g,5500,1+1,,
https://msave.emart24.co.kr/cmsbo/upload/nHq/plu_image/500x500/8809778495153.JPG,하림)더미식매움주의장인라면*2입,5800,2+1,,
https://msave.emart24.co.kr/cmsbo/upload/nHq/plu_image/500x500/8809778495184.JPG,하림)더미식소고기장터국350g,6500,2+1,,
https://msave.emart24.co.kr/cmsbo/upload/nHq/plu_image/500x500/8809778495306.JPG,하림)더미식비빔면큰컵130g,2400,2+1,,
https://msave.emart24.co.kr/cmsbo/upload/nHq/plu_image/500x500/8809778495450.JPG,하림)용가리불비빔면큰컵125g,2200,2+1,,
https://msave.emart24.co.kr/cmsbo/upload/nHq/plu_image/500x500/8809778495733.JPG,하림)삼계탕면큰컵107g,2800,2+1,,
https://msave.emart24.co.kr/cmsbo/upload/nHq/plu_image/500x500/8809778496075.JPG,하림)장인라면맵싸한맛큰컵126g,2800,2+1,,
https://msave.emart24.co.kr/cmsbo/upload/nHq/plu_image/500x500/8809778496228.JPG,하림)용가리불볶음면큰컵114g,2200,2+1,,
https://msave.emart24.co.kr/cmsbo/upload/nHq/plu_image/500x500/8809778496419.JPG,하림)더미식오징어라면130g,1980,,,
https://msave.emart24.co.kr/cmsbo/upload/nHq/plu_image/500x500/8809778496426.JPG,하림)더미식오징어라면130G*4봉,7920,,,
https://msave.emart24.co.kr/cmsbo/upload/nHq/plu_image/500x500/8809778496433.JPG,하림)마라쌀볶음면큰컵119g,2400,2+1,,
https://msave.emart24.co.kr/cmsbo/upload/nHq/plu_image/500x500/8809778496488.JPG,하림)더미식오징어라면큰컵127g,2800,2+1,,
https://msave.emart24.co.kr/cmsbo/upload/nHq/plu_image/500x500/8809778497430.JPG,하림)백제면118g,1080,,,
https://msave.emart24.co.kr/cmsbo/upload/nHq/plu_image/500x500/8809778497447.JPG,하림)백제면118g*4개,4320,,,
https://msave.emart24.co.kr/cmsbo/upload/nHq/plu_image/500x500/8003508001496.JPG,그린카스텔베트라노올리브300g,4500,,,
https://msave.emart24.co.kr/cmsbo/upload/nHq/plu_image/500x500/8801005381819.JPG,샘표)우리엄마고추장고기볶음95g(new),3400,2+1,,
https://msave.emart24.co.kr/cmsbo/upload/nHq/plu_image/500x500/8801005961240.JPG,폰타나)그릴드머쉬룸크림스프180g,3800,2+1,,
https://msave.emart24.co.kr/cmsbo/upload/nHq/plu_image/500x500/8801005961370.JPG,폰타나)스위트콘크림수프180g,3800,2+1,,
https://msave.emart24.co.kr/cmsbo/upload/nHq/plu_image/500x500/8801005961707.JPG,폰타나)로스티드비프크림수프180g,3800,2+1,,
https://msave.emart24.co.kr/cmsbo/upload/nHq/plu_image/500x500/8801063310011.JPG,유동)번데기130g,2000,,,
https://msave.emart24.co.kr/cmsbo/upload/nHq/plu_image/500x500/8801063310998.JPG,유동)골빔면골뱅이95g,3900,,,
https://msave.emart24.co.kr/cmsbo/upload/nHq/plu_image/500x500/8801073116221.JPG,삼양)맵탱흑후추소고기라면봉지,1500,2+1,,
https://msave.emart24.co.kr/cmsbo/upload/nHq/plu_image/500x500/8801073116269.JPG,삼양)맵탱마늘조개라면봉지,1500,2+1,,
https://msave.emart24.co.kr/cmsbo/upload/nHq/plu_image/500x500/8801073116290.JPG,삼양)맵탱청양고추대파라면봉지,1500,2+1,,
https://msave.emart24.co.kr/cmsbo/upload/nHq/plu_image/500x500/8801073116856.JPG,삼양)맵탱김치비빔면봉지,1400,2+1,,
https://msave.emart24.co.kr/cmsbo/upload/nHq/plu_image/500x500/8801073216181.JPG,삼양)맵탱흑후추소고기라면큰컵,1800,2+1,,
https://msave.emart24.co.kr/cmsbo/upload/nHq/plu_image/500x500/8801073216198.JPG,삼양)맵탱마늘조개라면큰컵,1800,2+1,,
https://msave.emart24.co.kr/cmsbo/upload/nHq/plu_image/500x500/8801073216204.JPG,삼양)맵탱청양고추대파라면큰컵,1800,2+1,,
https://msave.emart24.co.kr/cmsbo/upload/nHq/plu_image/500x500/8801073216426.JPG,삼양)맵탱청양고추대파라면소컵,1300,2+1,,
https://msave.emart24.co.kr/cmsbo/upload/nHq/plu_image/500x500/8801073216488.JPG,삼양)맵탱흑후추소고기라면소컵,1300,2+1,,
https://msave.emart24.co.kr/cmsbo/upload/nHq/plu_image/500x500/8801073216495.JPG,삼양)맵탱마늘조개라면소컵,1300,2+1,,
https://msave.emart24.co.kr/cmsbo/upload/nHq/plu_image/500x500/8801118005824.JPG,롯데)생크림로제스파게티220g,3900,,,
https://msave.emart24.co.kr/cmsbo/upload/nHq/plu_image/500x500/8809054400192.JPG,영풍)요뽀끼치즈떡볶이컵120g,2700,2+1,,
https://msave.emart24.co.kr/cmsbo/upload/nHq/plu_image/500x500/8809054400529.JPG,영풍)요뽀끼짜장떡볶이컵120g,2700,2+1,,
https://msave.emart24.co.kr/cmsbo/upload/nHq/plu_image/500x500/8809054400796.JPG,영풍)요뽀끼화끈매운떡볶이컵120g,2700,2+1,,
https://msave.emart24.co.kr/cmsbo/upload/nHq/plu_image/500x500/8809054409034.JPG,영풍)요뽀끼매콤달콤떡볶이컵140g,2700,2+1,,
